URL,Date,Home Plate Umpire
https://texaslonghorns.com/sports/softball/stats/2024/oklahoma/boxscore/16278,6/6/2024,Traci Laycock
https://texaslonghorns.com/sports/softball/stats/2024/oklahoma/boxscore/16277,6/5/2024,Dustin Douglass
https://texaslonghorns.com/sports/softball/stats/2024/stanford/boxscore/16276,6/3/2024,Chad Stears
https://texaslonghorns.com/sports/softball/stats/2024/stanford/boxscore/16270,5/30/2024,Steve Gould
https://texaslonghorns.com/sports/softball/stats/2024/texas-am/boxscore/16269,5/26/2024,Leah Daume
https://texaslonghorns.com/sports/softball/stats/2024/texas-am/boxscore/16263,5/25/2024,Smokey Edds
https://texaslonghorns.com/sports/softball/stats/2024/texas-am/boxscore/16262,5/24/2024,Marty Abezetian
https://lionsports.net/sports/softball/stats/2024/alabama/boxscore/9068,5/19/2024,Erin Peterson
https://texaslonghorns.com/sports/softball/stats/2024/northwestern/boxscore/16260,5/19/2024,Tracy Laycock
https://lionsports.net/sports/softball/stats/2024/clemson/boxscore/9067,5/18/2024,Jason Smith
https://texaslonghorns.com/sports/softball/stats/2024/northwestern/boxscore/16258,5/18/2024,Ron Burkhart
https://lionsports.net/sports/softball/stats/2024/alabama/boxscore/9066,5/18/2024,James Colzie
https://lionsports.net/sports/softball/stats/2024/clemson/boxscore/9064,5/17/2024,Erin Peterson
https://texaslonghorns.com/sports/softball/stats/2024/siena/boxscore/16256,5/17/2024,Tracy Laycock
https://texaslonghorns.com/sports/softball/stats/2024/oklahoma/boxscore/16255,5/11/2024,Steve Gould
https://uiwcardinals.com/sports/softball/stats/2024/-2-southeastern-louisiana-university/boxscore/6845,5/10/2024,Brian Soule
https://nmstatesports.com/sports/softball/stats/2024/liberty/boxscore/17629,5/10/2024,Philip Freels
https://nmstatesports.com/sports/softball/stats/2024/western-kentucky/boxscore/17628,5/10/2024,Shane Mowdy
https://texaslonghorns.com/sports/softball/stats/2024/baylor/boxscore/16254,5/10/2024,Terry Holt
https://lionsports.net/sports/softball/stats/2024/uiw/boxscore/9063,5/10/2024,Brian Soule
https://nmstatesports.com/sports/softball/stats/2024/liberty/boxscore/17627,5/9/2024,Philip Freels
https://uiwcardinals.com/sports/softball/stats/2024/-1-mcneese-state-university/boxscore/6844,5/9/2024,Brian Soule
https://uiwcardinals.com/sports/softball/stats/2024/-2-southeastern-louisiana-university/boxscore/6842,5/9/2024,Hayes Lesher
https://mcneesesports.com/sports/softball/stats/2024/no-3-nicholls/boxscore/12669,5/9/2024,Jay Grigsby
https://geauxcolonels.com/sports/softball/stats/2024/-1-mcneese/boxscore/10180,5/9/2024,Jay Grigsby
https://lionsports.net/sports/softball/stats/2024/uiw/boxscore/9062,5/9/2024,Hayes Lesher
https://texaslonghorns.com/sports/softball/stats/2024/texas-tech/boxscore/16143,5/9/2024,Megan Rabin
https://ulmwarhawks.com/sports/softball/stats/2024/south-alabama/boxscore/15203,5/9/2024,Destini Robinson
https://mcneesesports.com/sports/softball/stats/2024/no-4-incarnate-word/boxscore/12670,5/9/2024,Brian Soule
https://tsusports.com/sports/softball/stats/2024/bethune-cookman/boxscore/5196,5/9/2024,Johnny Paz
https://utepminers.com/sports/softball/stats/2024/liberty/boxscore/11669,5/9/2024,Robert Marcialis
https://tsusports.com/sports/softball/stats/2024/florida-am/boxscore/5195,5/8/2024,Marrio Belton
https://mcneesesports.com/sports/softball/stats/2024/no-7-houston-christian/boxscore/12671,5/8/2024,Todd Sharpe
https://hcuhuskies.com/sports/softball/stats/2024/mcneese/boxscore/5894,5/8/2024,Todd Sharpe
https://utepminers.com/sports/softball/stats/2024/jax-state/boxscore/11668,5/8/2024,Kevin Davis
https://geauxcolonels.com/sports/softball/stats/2024/-5-lamar/boxscore/10179,5/8/2024,Hayes Lesher
https://lamarcardinals.com/sports/softball/stats/2024/nicholls/boxscore/24305,5/8/2024,Hayes Lesher
https://lionsports.net/sports/softball/stats/2024/nicholls/boxscore/9061,5/8/2024,David Wooley
https://geauxcolonels.com/sports/softball/stats/2024/-2-southeastern/boxscore/10178,5/8/2024,David Wooley
https://mcneesesports.com/sports/softball/stats/2024/no-4-incarnate-word/boxscore/12476,5/8/2024,Nikos Williams
https://tarletonsports.com/sports/softball/stats/2024/ut-arlington/boxscore/6528,5/8/2024,Chad Spitler
https://uiwcardinals.com/sports/softball/stats/2024/-1-mcneese-state-university/boxscore/6841,5/8/2024,Nikos Williams
https://nmstatesports.com/sports/softball/stats/2024/jax-state/boxscore/17555,5/8/2024,Robert Marcialis
https://tsusports.com/sports/softball/stats/2024/bethune-cookman/boxscore/5194,5/7/2024,Allen Lunceford
https://goislanders.com/sports/softball/stats/2024/no-7-hcu/boxscore/7624,5/7/2024,Todd Sharpe
https://hcuhuskies.com/sports/softball/stats/2024/texas-am-corpus-christi/boxscore/5879,5/7/2024,Todd Sharpe
https://uiwcardinals.com/sports/softball/stats/2024/-5-lamar-university/boxscore/6749,5/7/2024,Brian Soule
https://lamarcardinals.com/sports/softball/stats/2024/incarnate-word/boxscore/24219,5/7/2024,Brian Soule
https://hcuhuskies.com/sports/softball/stats/2024/nicholls/boxscore/5890,5/7/2024,David Wooley
https://geauxcolonels.com/sports/softball/stats/2024/-7-hcu/boxscore/10031,5/7/2024,David Wooley
https://texaslonghorns.com/sports/softball/stats/2024/texas-tech/boxscore/16142,5/5/2024,Kalee Young
https://utepminers.com/sports/softball/stats/2024/wku/boxscore/11549,5/5/2024,Glen Kilgore
https://nsudemons.com/sports/softball/stats/2024/uiw/boxscore/13652,5/4/2024,Michael Hall
https://geauxcolonels.com/sports/softball/stats/2024/texas-am-corpus-christi/boxscore/10026,5/4/2024,Chad Derouen
https://utepminers.com/sports/softball/stats/2024/wku/boxscore/11548,5/4/2024,John West
https://mcneesesports.com/sports/softball/stats/2024/southeastern/boxscore/12475,5/4/2024,Todd Sharpe
https://lionsports.net/sports/softball/stats/2024/mcneese/boxscore/8680,5/4/2024,Todd Sharpe
https://nsudemons.com/sports/softball/stats/2024/uiw/boxscore/13653,5/4/2024,Steven Hall
https://lionsports.net/sports/softball/stats/2024/mcneese/boxscore/8679,5/4/2024,Nikos Williams
https://acusports.com/sports/softball/stats/2024/grand-canyon-university/boxscore/9288,5/4/2024,Michael Montoya
https://mcneesesports.com/sports/softball/stats/2024/southeastern/boxscore/12474,5/4/2024,Nikos Williams
https://goislanders.com/sports/softball/stats/2024/nicholls/boxscore/7623,5/4/2024,Chad Derouen
https://uiwcardinals.com/sports/softball/stats/2024/northwestern-state-university/boxscore/6744,5/4/2024,Steven Hall
https://texaslonghorns.com/sports/softball/stats/2024/texas-tech/boxscore/16141,5/4/2024,Frederick Ewald
https://goislanders.com/sports/softball/stats/2024/nicholls/boxscore/7621,5/4/2024,Colin Schnauder
https://geauxcolonels.com/sports/softball/stats/2024/texas-am-corpus-christi/boxscore/10024,5/4/2024,Colin Schnauder
https://uiwcardinals.com/sports/softball/stats/2024/northwestern-state-university/boxscore/6746,5/4/2024,Michael Hall
https://ulmwarhawks.com/sports/softball/stats/2024/georgia-state/boxscore/15202,5/4/2024,Kevin Besemer
https://utepminers.com/sports/softball/stats/2024/wku/boxscore/11547,5/3/2024,Aaron Golden
https://lionsports.net/sports/softball/stats/2024/mcneese/boxscore/8678,5/3/2024,Nikos Williams
https://goislanders.com/sports/softball/stats/2024/nicholls/boxscore/7622,5/3/2024,Ed Roberson
https://texaslonghorns.com/sports/softball/stats/2024/texas-tech/boxscore/16140,5/3/2024,Tory Kuykendall
https://hcuhuskies.com/sports/softball/stats/2024/texas-am-commerce/boxscore/5817,5/3/2024,Charles Holbert
https://ulmwarhawks.com/sports/softball/stats/2024/georgia-state/boxscore/15201,5/3/2024,KJ Besemer
https://mcneesesports.com/sports/softball/stats/2024/southeastern/boxscore/12473,5/3/2024,Nikos Williams
https://geauxcolonels.com/sports/softball/stats/2024/texas-am-corpus-christi/boxscore/10025,5/3/2024,Ed Roberson
https://acusports.com/sports/softball/stats/2024/grand-canyon-university/boxscore/9286,5/3/2024,Todd Foy
https://tarletonsports.com/sports/softball/stats/2024/southern-utah/boxscore/6531,5/3/2024,Jonathan Dewhirst
https://acusports.com/sports/softball/stats/2024/grand-canyon-university/boxscore/9287,5/3/2024,Cameron Bjornstad
https://hcuhuskies.com/sports/softball/stats/2024/texas-am-commerce/boxscore/5815,5/2/2024,Hayes Lesher
https://ulmwarhawks.com/sports/softball/stats/2024/georgia-state/boxscore/15200,5/2/2024,Tim Kasate
https://hcuhuskies.com/sports/softball/stats/2024/texas-am-commerce/boxscore/5816,5/2/2024,Bryce Welsh
https://mcneesesports.com/sports/softball/stats/2024/louisiana-tech/boxscore/12472,4/30/2024,Michael Hall Sr.
https://nsudemons.com/sports/softball/stats/2024/grambling/boxscore/13651,4/30/2024,Hoy Cooke
https://utepminers.com/sports/softball/stats/2024/liberty/boxscore/11546,4/28/2024,Kevin Davis
https://nmstatesports.com/sports/softball/stats/2024/louisiana-tech/boxscore/17551,4/28/2024,George De La Cruz
https://ulmwarhawks.com/sports/softball/stats/2024/ragin-cajuns/boxscore/15199,4/28/2024,Brian Soule
https://texaslonghorns.com/sports/softball/stats/2024/iowa-state/boxscore/16139,4/27/2024,Megan Rabin
https://hcuhuskies.com/sports/softball/stats/2024/northwestern-state/boxscore/5814,4/27/2024,Dennis Strang
https://lionsports.net/sports/softball/stats/2024/lamar/boxscore/8677,4/27/2024,Eddie Bourn Jr.
https://acusports.com/sports/softball/stats/2024/california-baptist-university/boxscore/9285,4/27/2024,Chad Lueff
https://utahutes.com/sports/softball/stats/2024/oregon-state/boxscore/22756,4/27/2024,Mark Craver
https://mcneesesports.com/sports/softball/stats/2024/texas-am-corpus-christi/boxscore/12471,4/27/2024,Savino Jaramillo
https://ulmwarhawks.com/sports/softball/stats/2024/ragin-cajuns/boxscore/15198,4/27/2024,Gwendolyn Bordeau
https://nmstatesports.com/sports/softball/stats/2024/louisiana-tech/boxscore/17550,4/27/2024,Michael Montoya
https://texaslonghorns.com/sports/softball/stats/2024/iowa-state/boxscore/16138,4/27/2024,Brady Sanderson
https://lamarcardinals.com/sports/softball/stats/2024/southeastern-louisiana/boxscore/24217,4/27/2024,Eddie Bourn Jr.
https://tarletonsports.com/sports/softball/stats/2024/seattle-u/boxscore/6540,4/27/2024,Jonathan Hartman
https://uiwcardinals.com/sports/softball/stats/2024/nicholls/boxscore/6743,4/27/2024,Roger Smith
https://nsudemons.com/sports/softball/stats/2024/houston-christian/boxscore/13650,4/27/2024,Dennis Strang
https://umterps.com/sports/softball/stats/2024/purdue/boxscore/17493,4/27/2024,Bradley Newton
https://geauxcolonels.com/sports/softball/stats/2024/uiw/boxscore/10029,4/27/2024,Roger Smith
https://utepminers.com/sports/softball/stats/2024/liberty/boxscore/11545,4/27/2024,Shawn Mowdy
https://lamarcardinals.com/sports/softball/stats/2024/southeastern-louisiana/boxscore/24216,4/26/2024,Timothy Porter
https://nsudemons.com/sports/softball/stats/2024/houston-christian/boxscore/13648,4/26/2024,Matthew Clifford
https://nsudemons.com/sports/softball/stats/2024/houston-christian/boxscore/13649,4/26/2024,Wayne Furnia
https://uiwcardinals.com/sports/softball/stats/2024/nicholls/boxscore/6742,4/26/2024,Stephen Maloy
https://acusports.com/sports/softball/stats/2024/california-baptist-university/boxscore/9283,4/26/2024,Rocky Barnhill
https://tarletonsports.com/sports/softball/stats/2024/seattle-u/boxscore/6584,4/26/2024,Dan Cowan
https://geauxcolonels.com/sports/softball/stats/2024/uiw/boxscore/10028,4/26/2024,Stephen Maloy
https://goislanders.com/sports/softball/stats/2024/mcneese/boxscore/7618,4/26/2024,John Reinhart Jr.
https://uiwcardinals.com/sports/softball/stats/2024/nicholls/boxscore/6740,4/26/2024,Stephen Maloy
https://hcuhuskies.com/sports/softball/stats/2024/northwestern-state/boxscore/5813,4/26/2024,Wayne Furnia
https://nmstatesports.com/sports/softball/stats/2024/louisiana-tech/boxscore/17549,4/26/2024,George De La Cruz
https://utepminers.com/sports/softball/stats/2024/liberty/boxscore/11544,4/26/2024,Eric Lovato
https://ulmwarhawks.com/sports/softball/stats/2024/ragin-cajuns/boxscore/15197,4/26/2024,Annette Bergman
https://tarletonsports.com/sports/softball/stats/2024/seattle-u/boxscore/6543,4/26/2024,Jason Smith
https://acusports.com/sports/softball/stats/2024/california-baptist-university/boxscore/9284,4/26/2024,Hector Torres-May
https://mcneesesports.com/sports/softball/stats/2024/texas-am-corpus-christi/boxscore/12470,4/26/2024,Roger Matthews
https://geauxcolonels.com/sports/softball/stats/2024/uiw/boxscore/10027,4/26/2024,Stephen Maloy
https://lionsports.net/sports/softball/stats/2024/lamar/boxscore/8676,4/26/2024,Timothy Porter
https://hcuhuskies.com/sports/softball/stats/2024/northwestern-state/boxscore/5812,4/26/2024,Matthew Clifford
https://lamarcardinals.com/sports/softball/stats/2024/southeastern-louisiana/boxscore/24215,4/26/2024,Todd Sharpe
https://texaslonghorns.com/sports/softball/stats/2024/iowa-state/boxscore/16137,4/26/2024,Terry D. Holt
https://lionsports.net/sports/softball/stats/2024/lamar/boxscore/8675,4/26/2024,Todd Sharpe
https://goislanders.com/sports/softball/stats/2024/mcneese/boxscore/7619,4/26/2024,Roger Matthews
https://geauxcolonels.com/sports/softball/stats/2024/no-1-texas/boxscore/10020,4/25/2024,"John P. Reinhart, Jr"
https://mcneesesports.com/sports/softball/stats/2024/ul-lafayette/boxscore/12468,4/24/2024,David Wooley
https://uiwcardinals.com/sports/softball/stats/2024/utsa/boxscore/6739,4/23/2024,John Reinhart
https://lionsports.net/sports/softball/stats/2024/alcorn-state/boxscore/8674,4/23/2024,Allen Lunceford
https://lionsports.net/sports/softball/stats/2024/alcorn-state/boxscore/8673,4/23/2024,Michael Thibodeaux
https://nsudemons.com/sports/softball/stats/2024/louisiana-tech/boxscore/13644,4/23/2024,Shev Pinchback
https://nmstatesports.com/sports/softball/stats/2024/liberty/boxscore/17548,4/21/2024,Marc VanMaldegen
https://utepminers.com/sports/softball/stats/2024/la-tech/boxscore/11542,4/21/2024,Hector Torres-May
https://texaslonghorns.com/sports/softball/stats/2024/kansas/boxscore/16135,4/21/2024,Chelsea Clark
https://acusports.com/sports/softball/stats/2024/ut-arlington/boxscore/9281,4/21/2024,Donnie Rundell
https://utepminers.com/sports/softball/stats/2024/la-tech/boxscore/11543,4/21/2024,Jamie Wood
https://lionsports.net/sports/softball/stats/2024/nicholls/boxscore/8672,4/20/2024,Silverio Razo
https://hcuhuskies.com/sports/softball/stats/2024/mcneese/boxscore/5811,4/20/2024,Greg Chargualaf
https://nsudemons.com/sports/softball/stats/2024/texas-am-commerce/boxscore/13647,4/20/2024,Bill Goleman
https://texaslonghorns.com/sports/softball/stats/2024/kansas/boxscore/16134,4/20/2024,Jerry R. Jones
https://lamarcardinals.com/sports/softball/stats/2024/incarnate-word/boxscore/24214,4/20/2024,Matthew Clifford
https://ulmwarhawks.com/sports/softball/stats/2024/texas-state/boxscore/15195,4/20/2024,Eddie Bourn
https://nmstatesports.com/sports/softball/stats/2024/liberty/boxscore/17547,4/20/2024,Mark Wilson
https://geauxcolonels.com/sports/softball/stats/2024/southeastern/boxscore/10023,4/20/2024,Silverio Razo
https://hcuhuskies.com/sports/softball/stats/2024/mcneese/boxscore/5810,4/20/2024,Tony Dixon
https://mcneesesports.com/sports/softball/stats/2024/houston-christian/boxscore/12467,4/20/2024,Greg Chargualaf
https://mcneesesports.com/sports/softball/stats/2024/houston-christian/boxscore/12466,4/20/2024,Tony Dixon
https://uiwcardinals.com/sports/softball/stats/2024/lamar-university/boxscore/6738,4/20/2024,Matthew Clifford
https://hcuhuskies.com/sports/softball/stats/2024/mcneese/boxscore/5809,4/19/2024,Todd Sharpe
https://uiwcardinals.com/sports/softball/stats/2024/lamar-university/boxscore/6736,4/19/2024,Nikos Williams
https://geauxcolonels.com/sports/softball/stats/2024/southeastern/boxscore/10022,4/19/2024,Hoy Cooke
https://geauxcolonels.com/sports/softball/stats/2024/southeastern/boxscore/10021,4/19/2024,Coin Schnauder
https://ulmwarhawks.com/sports/softball/stats/2024/texas-state/boxscore/15193,4/19/2024,Michael Thibodeaux
https://texaslonghorns.com/sports/softball/stats/2024/kansas/boxscore/16133,4/19/2024,Naomi Erdahl
https://lamarcardinals.com/sports/softball/stats/2024/incarnate-word/boxscore/24213,4/19/2024,Jason Jones
https://acusports.com/sports/softball/stats/2024/ut-arlington/boxscore/9282,4/19/2024,Jared Arrington
https://lamarcardinals.com/sports/softball/stats/2024/incarnate-word/boxscore/24212,4/19/2024,Nikos Williams
https://nsudemons.com/sports/softball/stats/2024/texas-am-commerce/boxscore/13645,4/19/2024,Hayes Lesher
https://acusports.com/sports/softball/stats/2024/ut-arlington/boxscore/9280,4/19/2024,Johnny Paz
https://utepminers.com/sports/softball/stats/2024/la-tech/boxscore/11541,4/19/2024,David Wooley
https://uiwcardinals.com/sports/softball/stats/2024/lamar-university/boxscore/6737,4/19/2024,Jason Jones
https://tarletonsports.com/sports/softball/stats/2024/utah-tech/boxscore/6550,4/19/2024,Trey Collins
https://nmstatesports.com/sports/softball/stats/2024/liberty/boxscore/17546,4/19/2024,Mike McCorkle
https://ulmwarhawks.com/sports/softball/stats/2024/texas-state/boxscore/15194,4/19/2024,Jana Tidwell
https://lionsports.net/sports/softball/stats/2024/nicholls/boxscore/8671,4/19/2024,Hoy Cooke
https://tarletonsports.com/sports/softball/stats/2024/utah-tech/boxscore/6548,4/19/2024,Scott Brians
https://mcneesesports.com/sports/softball/stats/2024/houston-christian/boxscore/12465,4/19/2024,Todd Sharpe
https://nsudemons.com/sports/softball/stats/2024/texas-am-commerce/boxscore/13646,4/19/2024,Stanley Kerry
https://lionsports.net/sports/softball/stats/2024/nicholls/boxscore/8670,4/19/2024,Coin Schnauder
https://geauxcolonels.com/sports/softball/stats/2024/no-19-louisiana/boxscore/10019,4/17/2024,Michael Thibodeaux
https://ulmwarhawks.com/sports/softball/stats/2024/grambling-state/boxscore/15192,4/17/2024,Allen Lunceford
https://mcneesesports.com/sports/softball/stats/2024/sam-houston/boxscore/12464,4/17/2024,Nikos Williams
https://tsusports.com/sports/softball/stats/2024/tarleton-state/boxscore/5193,4/16/2024,Tatem Stoelting
https://nmstatesports.com/sports/softball/stats/2024/new-mexico/boxscore/17545,4/16/2024,Steven Gurule
https://tarletonsports.com/sports/softball/stats/2024/texas-southern/boxscore/6711,4/16/2024,Tatem Stoelting
https://tsusports.com/sports/softball/stats/2024/tarleton-state/boxscore/5192,4/16/2024,Kenneth Rice
https://hcuhuskies.com/sports/softball/stats/2024/sam-houston/boxscore/5808,4/16/2024,Jeff Dubrow
https://uiwcardinals.com/sports/softball/stats/2024/prairie-view-am-university/boxscore/6732,4/16/2024,Walter Hill
https://tarletonsports.com/sports/softball/stats/2024/texas-southern/boxscore/6712,4/16/2024,Kenneth Rice
https://lamarcardinals.com/sports/softball/stats/2024/houston/boxscore/24211,4/16/2024,Robert Gonzalez
https://nmstatesports.com/sports/softball/stats/2024/fiu/boxscore/17544,4/14/2024,Eric Lovato
https://uiwcardinals.com/sports/softball/stats/2024/santa-clara-university/boxscore/6735,4/14/2024,Greg Chargualaf
https://utepminers.com/sports/softball/stats/2024/sam-houston/boxscore/11540,4/14/2024,MICHAEL AGUIRRE
https://texaslonghorns.com/sports/softball/stats/2024/baylor/boxscore/16132,4/14/2024,Frederick C. Ewald
https://geauxcolonels.com/sports/softball/stats/2024/hcu/boxscore/10018,4/13/2024,Kevin Petry
https://texaslonghorns.com/sports/softball/stats/2024/baylor/boxscore/16131,4/13/2024,Laura B. King
https://utepminers.com/sports/softball/stats/2024/sam-houston/boxscore/11539,4/13/2024,Ray Hernandez
https://tarletonsports.com/sports/softball/stats/2024/grand-canyon/boxscore/6552,4/13/2024,Jamie Wood
https://uiwcardinals.com/sports/softball/stats/2024/santa-clara-university/boxscore/6733,4/13/2024,Greg Chargualaf
https://hcuhuskies.com/sports/softball/stats/2024/nicholls/boxscore/5807,4/13/2024,Kevin Petry
https://nmstatesports.com/sports/softball/stats/2024/fiu/boxscore/17543,4/13/2024,Corey Carter
https://nsudemons.com/sports/softball/stats/2024/southeastern-louisiana/boxscore/13643,4/13/2024,Todd Sharpe
https://ulmwarhawks.com/sports/softball/stats/2024/troy/boxscore/15191,4/13/2024,Henry Hill
https://lionsports.net/sports/softball/stats/2024/northwestern-state/boxscore/8669,4/13/2024,Todd Sharpe
https://goislanders.com/sports/softball/stats/2024/lamar/boxscore/7616,4/13/2024,Johnny Paz
https://ulmwarhawks.com/sports/softball/stats/2024/troy/boxscore/15190,4/13/2024,Brian Soule
https://lamarcardinals.com/sports/softball/stats/2024/texas-am-corpus-christi/boxscore/24210,4/13/2024,Johnny Paz
https://uiwcardinals.com/sports/softball/stats/2024/santa-clara-university/boxscore/6734,4/13/2024,Greg Chargualaf
https://mcneesesports.com/sports/softball/stats/2024/texas-am-commerce/boxscore/12463,4/13/2024,Shev Pinchback
https://geauxcolonels.com/sports/softball/stats/2024/hcu/boxscore/10016,4/12/2024,Matthew Clifford
https://tarletonsports.com/sports/softball/stats/2024/grand-canyon/boxscore/6553,4/12/2024,Matt Johnson
https://lionsports.net/sports/softball/stats/2024/northwestern-state/boxscore/8668,4/12/2024,Hoy Cooke
https://goislanders.com/sports/softball/stats/2024/lamar/boxscore/7615,4/12/2024,Siverio Razo
https://nsudemons.com/sports/softball/stats/2024/southeastern-louisiana/boxscore/13642,4/12/2024,Hoy Cooke
https://mcneesesports.com/sports/softball/stats/2024/texas-am-commerce/boxscore/12461,4/12/2024,Jack Krauser
https://nsudemons.com/sports/softball/stats/2024/southeastern-louisiana/boxscore/13641,4/12/2024,Gerald Newton
https://geauxcolonels.com/sports/softball/stats/2024/hcu/boxscore/10017,4/12/2024,Stanley Kerry
https://lionsports.net/sports/softball/stats/2024/northwestern-state/boxscore/8667,4/12/2024,Gerald Newton
https://ulmwarhawks.com/sports/softball/stats/2024/troy/boxscore/15189,4/12/2024,Jay Davis
https://utepminers.com/sports/softball/stats/2024/sam-houston/boxscore/11538,4/12/2024,Hector Torres 
https://hcuhuskies.com/sports/softball/stats/2024/nicholls/boxscore/5805,4/12/2024,Matthew Clifford
https://tarletonsports.com/sports/softball/stats/2024/grand-canyon/boxscore/6555,4/12/2024,Anthony Lewis
https://goislanders.com/sports/softball/stats/2024/lamar/boxscore/7614,4/12/2024,David Wooley
https://nmstatesports.com/sports/softball/stats/2024/fiu/boxscore/17542,4/12/2024,Shawn Mowdy
https://lamarcardinals.com/sports/softball/stats/2024/texas-am-corpus-christi/boxscore/24209,4/12/2024,Siverio Razo
https://lamarcardinals.com/sports/softball/stats/2024/texas-am-corpus-christi/boxscore/24208,4/12/2024,David Wooley
https://hcuhuskies.com/sports/softball/stats/2024/nicholls/boxscore/5806,4/12/2024,Stanley Kerry
https://texaslonghorns.com/sports/softball/stats/2024/baylor/boxscore/16130,4/12/2024,Christina Drumm
https://mcneesesports.com/sports/softball/stats/2024/texas-am-commerce/boxscore/12462,4/12/2024,Daniel Usrey
https://texaslonghorns.com/sports/softball/stats/2024/texas-state/boxscore/16129,4/10/2024,Brian M. Crochet
https://lionsports.net/sports/softball/stats/2024/lsu/boxscore/8649,4/10/2024,Laura King
https://msuspartans.com/sports/softball/stats/2024/western-michigan/boxscore/17778,4/10/2024,Ryan Grandt
https://nmstatesports.com/sports/softball/stats/2024/arizona/boxscore/17561,4/9/2024,Michael Aguirre
https://nmstatesports.com/sports/softball/stats/2024/arizona/boxscore/17541,4/9/2024,Willie Newman
https://texaslonghorns.com/sports/softball/stats/2024/oklahoma/boxscore/16128,4/7/2024,Dustin Douglass
https://ulmwarhawks.com/sports/softball/stats/2024/georgia-southern/boxscore/15187,4/7/2024,Robert Johnson
https://utepminers.com/sports/softball/stats/2024/fiu/boxscore/11537,4/7/2024,Brandon Jacobson
https://nmstatesports.com/sports/softball/stats/2024/jacksonville-state/boxscore/17540,4/7/2024,Thomas Bills
https://nmstatesports.com/sports/softball/stats/2024/jacksonville-state/boxscore/17539,4/6/2024,Darryl Sanders
https://lionsports.net/sports/softball/stats/2024/texas-am-corpus-christi/boxscore/8666,4/6/2024,Greg Chargualaf
https://geauxcolonels.com/sports/softball/stats/2024/texas-am-commerce/boxscore/10014,4/6/2024,Daryl Francis
https://lamarcardinals.com/sports/softball/stats/2024/mcneese/boxscore/24207,4/6/2024,Dennis Strang
https://uiwcardinals.com/sports/softball/stats/2024/houston-christian-university/boxscore/6730,4/6/2024,Paul Bosshardt
https://goislanders.com/sports/softball/stats/2024/southeastern-louisiana/boxscore/7613,4/6/2024,Greg Chargualaf
https://lamarcardinals.com/sports/softball/stats/2024/mcneese/boxscore/24206,4/6/2024,Matthew Clifford
https://mcneesesports.com/sports/softball/stats/2024/lamar/boxscore/12460,4/6/2024,Dennis Strang
https://ulmwarhawks.com/sports/softball/stats/2024/georgia-southern/boxscore/15186,4/6/2024,Adrienne Barnes
https://mcneesesports.com/sports/softball/stats/2024/lamar/boxscore/12459,4/6/2024,Matthew Clifford
https://hcuhuskies.com/sports/softball/stats/2024/uiw/boxscore/5803,4/6/2024,Paul Bosshardt
https://texaslonghorns.com/sports/softball/stats/2024/oklahoma/boxscore/16127,4/6/2024,Robert M. Gonzalez
https://utepminers.com/sports/softball/stats/2024/fiu/boxscore/11536,4/6/2024,Carl Fisher
https://mcneesesports.com/sports/softball/stats/2024/lamar/boxscore/12458,4/5/2024,Chad Derouen
https://goislanders.com/sports/softball/stats/2024/southeastern-louisiana/boxscore/7611,4/5/2024,George De La Cruz
https://geauxcolonels.com/sports/softball/stats/2024/texas-am-commerce/boxscore/10013,4/5/2024,Stanley Kerry
https://lionsports.net/sports/softball/stats/2024/texas-am-corpus-christi/boxscore/8664,4/5/2024,George De La Cruz
https://geauxcolonels.com/sports/softball/stats/2024/texas-am-commerce/boxscore/10012,4/5/2024,Todd Sharpe
https://utepminers.com/sports/softball/stats/2024/fiu/boxscore/11535,4/5/2024,Edwin Riggan
https://nmstatesports.com/sports/softball/stats/2024/jacksonville-state/boxscore/17538,4/5/2024,Ken Allen
https://goislanders.com/sports/softball/stats/2024/southeastern-louisiana/boxscore/7612,4/5/2024,Stephen Maloy
https://lionsports.net/sports/softball/stats/2024/texas-am-corpus-christi/boxscore/8665,4/5/2024,Stephen Maloy
https://lamarcardinals.com/sports/softball/stats/2024/mcneese/boxscore/24205,4/5/2024,Chad Derouen
https://texaslonghorns.com/sports/softball/stats/2024/oklahoma/boxscore/16126,4/5/2024,Mike Burwell
https://ulmwarhawks.com/sports/softball/stats/2024/georgia-southern/boxscore/15185,4/5/2024,Jana Tidwell
https://geauxcolonels.com/sports/softball/stats/2024/southern-miss/boxscore/10011,4/3/2024,Laura King
https://acusports.com/sports/softball/stats/2024/texas-tech-university/boxscore/9273,4/3/2024,Joshua Forburger
https://mcneesesports.com/sports/softball/stats/2024/florida-state/boxscore/12457,4/3/2024,Stan Cook\
https://hcuhuskies.com/sports/softball/stats/2024/houston/boxscore/5801,4/2/2024,John Reinhart
https://lamarcardinals.com/sports/softball/stats/2024/utsa/boxscore/24204,4/2/2024,Matthew Clifford
https://lionsports.net/sports/softball/stats/2024/jackson-state/boxscore/8662,4/2/2024,Colin Schnauder
https://lionsports.net/sports/softball/stats/2024/jackson-state/boxscore/8663,4/2/2024,Allen Lunceford
https://mcneesesports.com/sports/softball/stats/2024/florida-state/boxscore/12456,4/2/2024,Danny Slaughter
https://ulmwarhawks.com/sports/softball/stats/2024/lsu/boxscore/15184,4/2/2024,Clarence Bourn
https://texaslonghorns.com/sports/softball/stats/2024/oklahoma-state/boxscore/16125,3/30/2024,Terry Holt
https://uiwcardinals.com/sports/softball/stats/2024/texas-am-university-commerce/boxscore/6728,3/30/2024,Michael Kindleburg
https://tsusports.com/sports/softball/stats/2024/prairie-view-am/boxscore/5093,3/30/2024,Walter Hill
https://utepminers.com/sports/softball/stats/2024/jax-state/boxscore/11534,3/30/2024,Donnie Rundell
https://acusports.com/sports/softball/stats/2024/utah-valley-university/boxscore/9272,3/30/2024,Kenny Smith
https://tsusports.com/sports/softball/stats/2024/prairie-view-am/boxscore/5092,3/30/2024,Johnny Paz
https://nmstatesports.com/sports/softball/stats/2024/san-diego/boxscore/17536,3/30/2024,Anthony Lewis
https://acusports.com/sports/softball/stats/2024/utah-valley-university/boxscore/9271,3/29/2024,John Reinhart Jr
https://nmstatesports.com/sports/softball/stats/2024/san-diego/boxscore/17537,3/29/2024,Michael Aguirre
https://geauxcolonels.com/sports/softball/stats/2024/lamar/boxscore/10010,3/29/2024,Wayne Furnia
https://geauxcolonels.com/sports/softball/stats/2024/lamar/boxscore/10008,3/29/2024,Daryl Francis
https://tsusports.com/sports/softball/stats/2024/prairie-view-am/boxscore/5091,3/29/2024,Jason Jones
https://goislanders.com/sports/softball/stats/2024/hcu/boxscore/7610,3/29/2024,Charles Tolbert
https://nsudemons.com/sports/softball/stats/2024/mcneese/boxscore/13639,3/29/2024,David Wooley
https://nsudemons.com/sports/softball/stats/2024/mcneese/boxscore/13640,3/29/2024,Hoy Cooke
https://texaslonghorns.com/sports/softball/stats/2024/oklahoma-state/boxscore/16124,3/29/2024,Chelsea Clark
https://acusports.com/sports/softball/stats/2024/utah-valley-university/boxscore/9270,3/29/2024,Jason Kemper
https://mcneesesports.com/sports/softball/stats/2024/northwestern-state/boxscore/12454,3/29/2024,David Wooley
https://hcuhuskies.com/sports/softball/stats/2024/texas-am-corpus-christi/boxscore/5800,3/29/2024,Charles Tolbert
https://lamarcardinals.com/sports/softball/stats/2024/nicholls/boxscore/24202,3/29/2024,Wayne Furnia
https://mcneesesports.com/sports/softball/stats/2024/northwestern-state/boxscore/12455,3/29/2024,Hoy Cooke
https://lamarcardinals.com/sports/softball/stats/2024/nicholls/boxscore/24203,3/29/2024,Daryl Francis
https://utepminers.com/sports/softball/stats/2024/jax-state/boxscore/11533,3/29/2024,SHAWN MOWDY
https://uiwcardinals.com/sports/softball/stats/2024/texas-am-university-commerce/boxscore/6727,3/29/2024,Michael Kindleburg
https://goislanders.com/sports/softball/stats/2024/hcu/boxscore/7609,3/28/2024,Anne Foster
https://lionsports.net/sports/softball/stats/2024/santa-clara/boxscore/8661,3/28/2024,Fred Barker
https://hcuhuskies.com/sports/softball/stats/2024/texas-am-corpus-christi/boxscore/5799,3/28/2024,Anne Foster
https://geauxcolonels.com/sports/softball/stats/2024/lamar/boxscore/10009,3/28/2024,Hayes Lesher
https://lionsports.net/sports/softball/stats/2024/pacific/boxscore/8659,3/28/2024,TJ McCarthy
https://lamarcardinals.com/sports/softball/stats/2024/nicholls/boxscore/24201,3/28/2024,Hayes Lesher
https://nsudemons.com/sports/softball/stats/2024/mcneese/boxscore/13638,3/28/2024,Michael Hall
https://goislanders.com/sports/softball/stats/2024/hcu/boxscore/7608,3/28/2024,Dennis Strang
https://texaslonghorns.com/sports/softball/stats/2024/oklahoma-state/boxscore/16123,3/28/2024,Chad Stears
https://mcneesesports.com/sports/softball/stats/2024/northwestern-state/boxscore/12453,3/28/2024,Michael Hall
https://utepminers.com/sports/softball/stats/2024/jax-state/boxscore/11532,3/28/2024,ROCKY BARNHILL
https://hcuhuskies.com/sports/softball/stats/2024/texas-am-corpus-christi/boxscore/5798,3/28/2024,Dennis Strang
https://lionsports.net/sports/softball/stats/2024/pacific/boxscore/8658,3/27/2024,David Viratos
https://lionsports.net/sports/softball/stats/2024/pacific/boxscore/8657,3/27/2024,Richard Vietti
https://tarletonsports.com/sports/softball/stats/2024/abilene-christian/boxscore/6573,3/26/2024,Perry Owen
https://uiwcardinals.com/sports/softball/stats/2024/texas-southern-university/boxscore/6725,3/26/2024,Lamont Martin
https://nmstatesports.com/sports/softball/stats/2024/new-mexico/boxscore/17559,3/26/2024,Michael Aguirre
https://geauxcolonels.com/sports/softball/stats/2024/lsu/boxscore/10007,3/26/2024,Hoy Cooke
https://tarletonsports.com/sports/softball/stats/2024/abilene-christian/boxscore/6571,3/26/2024,Dustin Douglas
https://nmstatesports.com/sports/softball/stats/2024/new-mexico/boxscore/17535,3/26/2024,Michael Aguirre
https://tsusports.com/sports/softball/stats/2024/incarnate-word/boxscore/5089,3/26/2024,Lamont Martin
https://acusports.com/sports/softball/stats/2024/tarleton-state-university/boxscore/9268,3/26/2024,Perry Owen
https://lamarcardinals.com/sports/softball/stats/2024/utsa/boxscore/24200,3/26/2024,George De La Cruz
https://mcneesesports.com/sports/softball/stats/2024/south-alabama/boxscore/12452,3/26/2024,Brian Soule
https://acusports.com/sports/softball/stats/2024/tarleton-state-university/boxscore/9269,3/26/2024,Dustin Douglas
https://ulmwarhawks.com/sports/softball/stats/2024/south-alabama/boxscore/15180,3/24/2024,Jay Grigsby
https://goislanders.com/sports/softball/stats/2024/northwestern-state/boxscore/7607,3/24/2024,Jorge Chapa
https://nsudemons.com/sports/softball/stats/2024/texas-am-corpus-christi/boxscore/13637,3/24/2024,Jorge Chapa
https://texaslonghorns.com/sports/softball/stats/2024/ucf/boxscore/16122,3/24/2024,Cameron Elison
https://uiwcardinals.com/sports/softball/stats/2024/mcneese-state-university/boxscore/6724,3/23/2024,Hoy Cooke
https://texaslonghorns.com/sports/softball/stats/2024/ucf/boxscore/16121,3/23/2024,Robert Guest
https://nsudemons.com/sports/softball/stats/2024/texas-am-corpus-christi/boxscore/13636,3/23/2024,Hector Torres-May
https://mcneesesports.com/sports/softball/stats/2024/incarnate-word/boxscore/12450,3/23/2024,William Goleman
https://nmstatesports.com/sports/softball/stats/2024/utep/boxscore/17533,3/23/2024,Michael Montoya
https://ulmwarhawks.com/sports/softball/stats/2024/south-alabama/boxscore/15179,3/23/2024,Brian Soule
https://utepminers.com/sports/softball/stats/2024/nm-state/boxscore/11531,3/23/2024,Robert Macialis
https://goislanders.com/sports/softball/stats/2024/northwestern-state/boxscore/7606,3/23/2024,Hector Torres-May
https://acusports.com/sports/softball/stats/2024/seattle-university/boxscore/9267,3/23/2024,Blake Solmi
https://lamarcardinals.com/sports/softball/stats/2024/texas-am-commerce/boxscore/24199,3/23/2024,Tony Dixon
https://uiwcardinals.com/sports/softball/stats/2024/mcneese-state-university/boxscore/6723,3/23/2024,William Goleman
https://goislanders.com/sports/softball/stats/2024/northwestern-state/boxscore/7605,3/23/2024,Rogers Matthews
https://utepminers.com/sports/softball/stats/2024/nm-state/boxscore/11530,3/23/2024,Michael Montoya
https://lionsports.net/sports/softball/stats/2024/hcu/boxscore/8656,3/23/2024,Chad Derouen
https://tsusports.com/sports/softball/stats/2024/grambling-state/boxscore/5088,3/23/2024,Jones
https://mcneesesports.com/sports/softball/stats/2024/incarnate-word/boxscore/12451,3/23/2024,Hoy Cooke
https://tsusports.com/sports/softball/stats/2024/grambling-state/boxscore/5087,3/23/2024,Walter Hill
https://nmstatesports.com/sports/softball/stats/2024/utep/boxscore/17534,3/23/2024,Robert Macialis
https://hcuhuskies.com/sports/softball/stats/2024/southeastern-louisiana/boxscore/5797,3/23/2024,Chad Derouen
https://ulmwarhawks.com/sports/softball/stats/2024/south-alabama/boxscore/15178,3/23/2024,Jay Grigsby
https://nsudemons.com/sports/softball/stats/2024/texas-am-corpus-christi/boxscore/13635,3/23/2024,Rogers Matthews
https://mcneesesports.com/sports/softball/stats/2024/incarnate-word/boxscore/12449,3/22/2024,Hayes Lesher
https://lionsports.net/sports/softball/stats/2024/hcu/boxscore/8654,3/22/2024,Todd Sharpe
https://texaslonghorns.com/sports/softball/stats/2024/ucf/boxscore/16120,3/22/2024,Donald Brown
https://nmstatesports.com/sports/softball/stats/2024/utep/boxscore/17532,3/22/2024,Keith Davis
https://hcuhuskies.com/sports/softball/stats/2024/southeastern-louisiana/boxscore/5795,3/22/2024,Todd Sharpe
https://lamarcardinals.com/sports/softball/stats/2024/texas-am-commerce/boxscore/24198,3/22/2024,George Smith
https://hcuhuskies.com/sports/softball/stats/2024/southeastern-louisiana/boxscore/5796,3/22/2024,Daryl Francis
https://utepminers.com/sports/softball/stats/2024/nm-state/boxscore/11529,3/22/2024,Keith Davis
https://lionsports.net/sports/softball/stats/2024/hcu/boxscore/8655,3/22/2024,Daryl Francis
https://uiwcardinals.com/sports/softball/stats/2024/mcneese-state-university/boxscore/6722,3/22/2024,Hayes Lesher
https://acusports.com/sports/softball/stats/2024/seattle-university/boxscore/9266,3/22/2024,Donnie Rundell
https://acusports.com/sports/softball/stats/2024/seattle-university/boxscore/9265,3/22/2024,Jerry Jones
https://lamarcardinals.com/sports/softball/stats/2024/texas-am-commerce/boxscore/24197,3/22/2024,Daniel Usrey
https://tarletonsports.com/sports/softball/stats/2024/ut-arlington/boxscore/6578,3/22/2024,Jonathon Hartman
https://geauxcolonels.com/sports/softball/stats/2024/southern-miss/boxscore/10006,3/20/2024,Robert Byrd
https://lionsports.net/sports/softball/stats/2024/ulm/boxscore/8653,3/20/2024,Brian Soule
https://texaslonghorns.com/sports/softball/stats/2024/florida-state/boxscore/16119,3/20/2024,Heath Walker
https://utepminers.com/sports/softball/stats/2024/new-mexico/boxscore/11528,3/19/2024,Joshua Forburger
https://hcuhuskies.com/sports/softball/stats/2024/baylor/boxscore/5793,3/19/2024,Robert Gonzalez
https://nsudemons.com/sports/softball/stats/2024/texas-southern/boxscore/13741,3/19/2024,Jeffery Howard
https://lamarcardinals.com/sports/softball/stats/2024/sam-houston/boxscore/24196,3/19/2024,Nikos Williams
https://tsusports.com/sports/softball/stats/2024/northwestern-state/boxscore/5085,3/19/2024,Jeffery Howard
https://nmstatesports.com/sports/softball/stats/2024/sam-houston/boxscore/17529,3/17/2024,Michael Kindleburg
https://ulmwarhawks.com/sports/softball/stats/2024/southern-miss/boxscore/15176,3/17/2024,Michael Thibodeaux
https://geauxcolonels.com/sports/softball/stats/2024/mcneese/boxscore/10005,3/16/2024,Todd Sharpe
https://lionsports.net/sports/softball/stats/2024/texas-am-commerce/boxscore/8652,3/16/2024,T. Hunt/C. Holbert
https://tarletonsports.com/sports/softball/stats/2024/utah-valley/boxscore/6583,3/16/2024,Cris Durbin
https://acusports.com/sports/softball/stats/2024/utah-tech/boxscore/9264,3/16/2024,Stephen Sutherland
https://lamarcardinals.com/sports/softball/stats/2024/northwestern-state/boxscore/24194,3/16/2024,Matthew Clifford
https://ulmwarhawks.com/sports/softball/stats/2024/southern-miss/boxscore/15175,3/16/2024,Chris Liles
https://goislanders.com/sports/softball/stats/2024/uiw/boxscore/7603,3/16/2024,Bryce Welsh
https://mcneesesports.com/sports/softball/stats/2024/nicholls/boxscore/12448,3/16/2024,Todd Sharpe
https://uiwcardinals.com/sports/softball/stats/2024/texas-am-corpus-christi/boxscore/6748,3/16/2024,Bryce Welsh
https://ulmwarhawks.com/sports/softball/stats/2024/southern-miss/boxscore/15174,3/16/2024,Kirk Klawitter
https://gculopes.com/sports/softball/stats/2024/seattle-u/boxscore/19424,3/15/2024,Rick Cowan
https://acusports.com/sports/softball/stats/2024/utah-tech/boxscore/9263,3/15/2024,Michael Elkins
https://uiwcardinals.com/sports/softball/stats/2024/texas-am-corpus-christi/boxscore/6721,3/15/2024,Stephanie Garcia
https://mcneesesports.com/sports/softball/stats/2024/nicholls/boxscore/12446,3/15/2024,David Wooley
https://geauxcolonels.com/sports/softball/stats/2024/mcneese/boxscore/10004,3/15/2024,Timothy Porter
https://tarletonsports.com/sports/softball/stats/2024/utah-valley/boxscore/6581,3/15/2024,Cameron Bjornstad
https://tarletonsports.com/sports/softball/stats/2024/utah-valley/boxscore/6580,3/15/2024,Courtney Littledike
https://texaslonghorns.com/sports/softball/stats/2024/byu/boxscore/16118,3/15/2024,Kalee Young
https://goislanders.com/sports/softball/stats/2024/uiw/boxscore/7602,3/15/2024,Stephanie Garcia
https://acusports.com/sports/softball/stats/2024/utah-tech/boxscore/9262,3/15/2024,Jason Bluemel
https://nsudemons.com/sports/softball/stats/2024/lamar/boxscore/13632,3/15/2024,Robert Shorts
https://goislanders.com/sports/softball/stats/2024/uiw/boxscore/7601,3/15/2024,Stephanie Garcia
https://mcneesesports.com/sports/softball/stats/2024/nicholls/boxscore/12447,3/15/2024,Timothy Porter
https://nsudemons.com/sports/softball/stats/2024/lamar/boxscore/13633,3/15/2024,Matthew Clifford
https://geauxcolonels.com/sports/softball/stats/2024/mcneese/boxscore/10003,3/15/2024,David Wooley
https://texaslonghorns.com/sports/softball/stats/2024/byu/boxscore/16117,3/15/2024,Jonathan R. Hand
https://lamarcardinals.com/sports/softball/stats/2024/northwestern-state/boxscore/24193,3/15/2024,Robert Shorts
https://lionsports.net/sports/softball/stats/2024/texas-am-commerce/boxscore/8651,3/15/2024,Jamie Wood
https://lionsports.net/sports/softball/stats/2024/texas-am-commerce/boxscore/8650,3/15/2024,Jay Grigsby
https://uiwcardinals.com/sports/softball/stats/2024/texas-am-corpus-christi/boxscore/6720,3/15/2024,Stephanie Garcia
https://texaslonghorns.com/sports/softball/stats/2024/byu/boxscore/16116,3/14/2024,Troy Kuykendall
https://ulmwarhawks.com/sports/softball/stats/2024/mississippi-state/boxscore/15173,3/13/2024,Robert Johnson
https://geauxcolonels.com/sports/softball/stats/2024/ole-miss/boxscore/10002,3/13/2024,Colin Schnauder
https://tsusports.com/sports/softball/stats/2024/stephen-f-austin/boxscore/5081,3/13/2024,Jared Arrington
https://mcneesesports.com/sports/softball/stats/2024/ul-lafayette/boxscore/12445,3/13/2024,Eddie Bourn
https://geauxcolonels.com/sports/softball/stats/2024/ole-miss/boxscore/10001,3/13/2024,Daryl Francis
https://lamarcardinals.com/sports/softball/stats/2024/baylor/boxscore/24192,3/12/2024,Matt Johnson
https://nsudemons.com/sports/softball/stats/2024/louisiana-tech/boxscore/13631,3/12/2024,Michael Hall Sr.
https://texaslonghorns.com/sports/softball/stats/2024/lsu/boxscore/16115,3/12/2024,Matt Dial
https://tarletonsports.com/sports/softball/stats/2024/oklahoma/boxscore/6579,3/12/2024,Perry Owens
https://acusports.com/sports/softball/stats/2024/university-of-north-texas/boxscore/9261,3/12/2024,Robert Shorts
https://hcuhuskies.com/sports/softball/stats/2024/ut-arlington/boxscore/5792,3/12/2024,Kevin Petry
https://tarletonsports.com/sports/softball/stats/2024/oklahoma/boxscore/6687,3/12/2024,Garrett Knowles
https://lamarcardinals.com/sports/softball/stats/2024/baylor/boxscore/24191,3/12/2024,Jenna Boullion
https://hcuhuskies.com/sports/softball/stats/2024/lamar/boxscore/5787,3/10/2024,Jason Jones
https://texaslonghorns.com/sports/softball/stats/2024/houston/boxscore/16114,3/10/2024,Mike Burwell
https://uiwcardinals.com/sports/softball/stats/2024/southeastern-louisiana-university/boxscore/6718,3/10/2024,Chad Derouen
https://geauxcolonels.com/sports/softball/stats/2024/northwestern-state/boxscore/10000,3/10/2024,Dennis Strang
https://nmstatesports.com/sports/softball/stats/2024/western-kentucky/boxscore/17526,3/10/2024,Hector Torres-May
https://lamarcardinals.com/sports/softball/stats/2024/houston-christian/boxscore/24190,3/10/2024,Jason Jones
https://lionsports.net/sports/softball/stats/2024/uiw/boxscore/8648,3/10/2024,Chad Derouen
https://utepminers.com/sports/softball/stats/2024/middle-tennessee/boxscore/11527,3/10/2024,MIKE MONTOYA
https://nsudemons.com/sports/softball/stats/2024/nicholls/boxscore/13630,3/10/2024,Dennis Strang
https://goislanders.com/sports/softball/stats/2024/a-m-commerce/boxscore/7600,3/9/2024,Mario Tijerina
https://lionsports.net/sports/softball/stats/2024/uiw/boxscore/8646,3/9/2024,Daryl Francis
https://nsudemons.com/sports/softball/stats/2024/nicholls/boxscore/13628,3/9/2024,Hayes Lesher
https://geauxcolonels.com/sports/softball/stats/2024/northwestern-state/boxscore/9999,3/9/2024,Eddie Bourn Jr
https://nmstatesports.com/sports/softball/stats/2024/western-kentucky/boxscore/17528,3/9/2024,Paul Bosshardt
https://geauxcolonels.com/sports/softball/stats/2024/northwestern-state/boxscore/9998,3/9/2024,Hayes Lesher
https://lamarcardinals.com/sports/softball/stats/2024/houston-christian/boxscore/24188,3/9/2024,Lamont Martin
https://nsudemons.com/sports/softball/stats/2024/nicholls/boxscore/13629,3/9/2024,Eddie Bourn Jr
https://uiwcardinals.com/sports/softball/stats/2024/southeastern-louisiana-university/boxscore/6716,3/9/2024,Daryl Francis
https://utepminers.com/sports/softball/stats/2024/middle-tennessee/boxscore/11526,3/9/2024,MIKE MONTOYA
https://uiwcardinals.com/sports/softball/stats/2024/southeastern-louisiana-university/boxscore/6717,3/9/2024,Thad Bridges
https://lionsports.net/sports/softball/stats/2024/uiw/boxscore/8647,3/9/2024,Thad Bridges
https://lamarcardinals.com/sports/softball/stats/2024/houston-christian/boxscore/24189,3/9/2024,Hoy Cook
https://hcuhuskies.com/sports/softball/stats/2024/lamar/boxscore/5788,3/9/2024,Lamont Martin
https://texaslonghorns.com/sports/softball/stats/2024/houston/boxscore/16113,3/9/2024,Terry Holt
https://hcuhuskies.com/sports/softball/stats/2024/lamar/boxscore/5786,3/9/2024,Hoy Cook
https://mcneesesports.com/sports/softball/stats/2024/ul-monroe/boxscore/12443,3/8/2024,Todd Sharpe
https://ulmwarhawks.com/sports/softball/stats/2024/mcneese-state/boxscore/15171,3/8/2024,Todd Sharpe
https://ulmwarhawks.com/sports/softball/stats/2024/mcneese-state/boxscore/15170,3/8/2024,Matthew Clifford
https://nmstatesports.com/sports/softball/stats/2024/western-kentucky/boxscore/17527,3/8/2024,Jack Krauser
https://texaslonghorns.com/sports/softball/stats/2024/houston/boxscore/16112,3/8/2024,Tracy Laycock
https://goislanders.com/sports/softball/stats/2024/a-m-commerce/boxscore/7598,3/8/2024,George De La Cruz
https://mcneesesports.com/sports/softball/stats/2024/ul-monroe/boxscore/12442,3/8/2024,Matthew Clifford
https://goislanders.com/sports/softball/stats/2024/a-m-commerce/boxscore/7599,3/8/2024,Rodolfo Santo III
https://utepminers.com/sports/softball/stats/2024/middle-tennessee/boxscore/11525,3/8/2024,MIKE MONTOYA
https://texaslonghorns.com/sports/softball/stats/2024/uta/boxscore/16111,3/6/2024,Matt Johnson
https://lionsports.net/sports/softball/stats/2024/southern-miss/boxscore/8645,3/6/2024,Robert Byrd
https://mcneesesports.com/sports/softball/stats/2024/houston/boxscore/12441,3/6/2024,Hoy Cooke
https://hcuhuskies.com/sports/softball/stats/2024/penn/boxscore/5863,3/5/2024,Jeff Dubrow
https://mcneesesports.com/sports/softball/stats/2024/louisiana-tech/boxscore/12440,3/5/2024,Dennis Strang
https://hcuhuskies.com/sports/softball/stats/2024/penn/boxscore/5819,3/5/2024,Johnny Paz
https://lamarcardinals.com/sports/softball/stats/2024/sfa/boxscore/24187,3/5/2024,Jared Arrington
https://acusports.com/sports/softball/stats/2024/utsa/boxscore/9260,3/5/2024,Lindon Baptiste
https://texaslonghorns.com/sports/softball/stats/2024/penn-state/boxscore/16110,3/4/2024,Jenna Boullion
https://tarletonsports.com/sports/softball/stats/2024/penn-state/boxscore/6565,3/3/2024,Mark Korras
https://uiwcardinals.com/sports/softball/stats/2024/ut-arlington/boxscore/6715,3/3/2024,Meghan Fisher
https://utepminers.com/sports/softball/stats/2024/merrimack/boxscore/11524,3/3/2024,Daniel Maldonado
https://texaslonghorns.com/sports/softball/stats/2024/hofstra/boxscore/16109,3/3/2024,Scott Wagner
https://lamarcardinals.com/sports/softball/stats/2024/penn/boxscore/24186,3/3/2024,Silverio Razo
https://nsudemons.com/sports/softball/stats/2024/penn-state/boxscore/13626,3/3/2024,Garrett Knowles
https://lionsports.net/sports/softball/stats/2024/kent-state/boxscore/8921,3/3/2024,Aaron Golden
https://mcneesesports.com/sports/softball/stats/2024/lsu/boxscore/12439,3/3/2024,Anthony Small
https://nmstatesports.com/sports/softball/stats/2024/texas-tech/boxscore/17525,3/3/2024,Frederick Ewald
https://mcneesesports.com/sports/softball/stats/2024/louisiana-tech/boxscore/12438,3/3/2024,Chris Liles
https://uiwcardinals.com/sports/softball/stats/2024/grambling-state-university/boxscore/6714,3/2/2024,Matt Johnson
https://lamarcardinals.com/sports/softball/stats/2024/penn/boxscore/24185,3/2/2024,Bryce Welsh
https://texaslonghorns.com/sports/softball/stats/2024/hofstra/boxscore/16108,3/2/2024,Keith N. Kearney
https://uiwcardinals.com/sports/softball/stats/2024/grambling-state-university/boxscore/6713,3/2/2024,Scott Brians
https://lamarcardinals.com/sports/softball/stats/2024/penn/boxscore/24184,3/2/2024,Nikos Williams
https://nsudemons.com/sports/softball/stats/2024/tarleton/boxscore/13625,3/2/2024,Dustin Douglass
https://tarletonsports.com/sports/softball/stats/2024/northwestern-state/boxscore/6564,3/2/2024,Dustin Douglass
https://mcneesesports.com/sports/softball/stats/2024/illinois/boxscore/12436,3/2/2024,Anthony Small
https://nmstatesports.com/sports/softball/stats/2024/texas-state/boxscore/17522,3/2/2024,Brandon Bluhm
https://utepminers.com/sports/softball/stats/2024/merrimack/boxscore/11522,3/2/2024,Frederick Ewald
https://geauxcolonels.com/sports/softball/stats/2024/ulm/boxscore/9995,3/2/2024,Duran Scott
https://goislanders.com/sports/softball/stats/2024/utsa/boxscore/7597,3/2/2024,Meghan Fisher
https://lionsports.net/sports/softball/stats/2024/ole-miss/boxscore/8920,3/2/2024,Derek Wilkins
https://tarletonsports.com/sports/softball/stats/2024/penn-state/boxscore/6563,3/2/2024,Jonathan R. Hand
https://mcneesesports.com/sports/softball/stats/2024/lsu/boxscore/12437,3/2/2024,Lindon Baptiste
https://ulmwarhawks.com/sports/softball/stats/2024/nicholls/boxscore/15167,3/2/2024,Duran Scott
https://geauxcolonels.com/sports/softball/stats/2024/ulm/boxscore/9996,3/2/2024,Eric May
https://ulmwarhawks.com/sports/softball/stats/2024/nicholls/boxscore/15168,3/2/2024,Eric May
https://utepminers.com/sports/softball/stats/2024/texas-state/boxscore/11523,3/2/2024,Chad Stears
https://lionsports.net/sports/softball/stats/2024/uab/boxscore/8919,3/2/2024,Emerus Addison
https://acusports.com/sports/softball/stats/2024/sam-houston/boxscore/9257,3/2/2024,Paul Bosshardt
https://nmstatesports.com/sports/softball/stats/2024/texas-tech/boxscore/17524,3/2/2024,Josh Furburger
https://texaslonghorns.com/sports/softball/stats/2024/northwestern-state/boxscore/16105,3/1/2024,Scott Wagner
https://geauxcolonels.com/sports/softball/stats/2024/ulm/boxscore/9994,3/1/2024,Eddie Bourn
https://acusports.com/sports/softball/stats/2024/sam-houston/boxscore/9255,3/1/2024,Craig Elmore
https://nmstatesports.com/sports/softball/stats/2024/texas-state/boxscore/17523,3/1/2024,Daniel Maldonado
https://texaslonghorns.com/sports/softball/stats/2024/tarleton-state/boxscore/16107,3/1/2024,Garrett Knowles
https://nsudemons.com/sports/softball/stats/2024/hofstra/boxscore/13624,3/1/2024,Keith N. Kearney
https://ulmwarhawks.com/sports/softball/stats/2024/nicholls/boxscore/15166,3/1/2024,Eddie Bourn
https://utepminers.com/sports/softball/stats/2024/texas-tech/boxscore/11520,3/1/2024,Todderick Davis
https://tarletonsports.com/sports/softball/stats/2024/texas/boxscore/6562,3/1/2024,Garrett Knowles
https://nsudemons.com/sports/softball/stats/2024/texas/boxscore/13627,3/1/2024,Scott Wagner
https://lionsports.net/sports/softball/stats/2024/kent-state/boxscore/8644,3/1/2024,Ken Jones
https://uiwcardinals.com/sports/softball/stats/2024/utsa/boxscore/6711,3/1/2024,Matt Johnson
https://mcneesesports.com/sports/softball/stats/2024/san-diego-state/boxscore/12435,3/1/2024,Anthony Small
https://tarletonsports.com/sports/softball/stats/2024/hofstra/boxscore/6560,3/1/2024,Dustin Douglass
https://gculopes.com/sports/softball/stats/2024/toledo/boxscore/19413,3/1/2024,Hal Morgan
https://nmstatesports.com/sports/softball/stats/2024/merrimack/boxscore/17521,3/1/2024,Chad Stears
https://lionsports.net/sports/softball/stats/2024/ole-miss/boxscore/8918,3/1/2024,Aaron Golden
https://uiwcardinals.com/sports/softball/stats/2024/ut-arlington/boxscore/6712,3/1/2024,Jamie Wood
https://acusports.com/sports/softball/stats/2024/sam-houston/boxscore/9256,3/1/2024,Kevin Davis
https://goislanders.com/sports/softball/stats/2024/grambling/boxscore/7596,3/1/2024,Kenneth Rice
https://goislanders.com/sports/softball/stats/2024/utsa/boxscore/7595,3/1/2024,Meghan Fisher
https://utepminers.com/sports/softball/stats/2024/texas-state/boxscore/11521,3/1/2024,Josh Forburger
https://goislanders.com/sports/softball/stats/2024/ut-arlington/boxscore/7593,2/29/2024,Scott Brians
https://goislanders.com/sports/softball/stats/2024/ut-arlington/boxscore/7594,2/29/2024,Kenneth Rice
https://ulmwarhawks.com/sports/softball/stats/2024/jackson-state/boxscore/15165,2/28/2024,Brian Soule
https://texaslonghorns.com/sports/softball/stats/2024/texas-state/boxscore/16106,2/28/2024,Lindon Baptiste
https://mcneesesports.com/sports/softball/stats/2024/houston/boxscore/12434,2/28/2024,Jenna Boullion
https://lamarcardinals.com/sports/softball/stats/2024/southern/boxscore/24287,2/28/2024,Nikos Williams
https://tarletonsports.com/sports/softball/stats/2024/prairie-view-am/boxscore/6557,2/27/2024,Kenneth Rice
https://nsudemons.com/sports/softball/stats/2024/stephen-f-austin/boxscore/13622,2/27/2024,Tony Dixon
https://tsusports.com/sports/softball/stats/2024/houston-christian/boxscore/5113,2/27/2024,Dennis Strang
https://tarletonsports.com/sports/softball/stats/2024/prairie-view-am/boxscore/6556,2/27/2024,FrederickBubba Ewald
https://hcuhuskies.com/sports/softball/stats/2024/texas-southern/boxscore/5781,2/27/2024,Dennis Strang
https://geauxcolonels.com/sports/softball/stats/2024/louisiana/boxscore/9993,2/27/2024,Laura King
https://nsudemons.com/sports/softball/stats/2024/stephen-f-austin/boxscore/13623,2/27/2024,"Micaheal Hall, Sr"
https://acusports.com/sports/softball/stats/2024/texas-am-university-commerce/boxscore/9291,2/26/2024,Bubba Ewald
https://acusports.com/sports/softball/stats/2024/texas-am-university-commerce/boxscore/9292,2/26/2024,Terry Hunt
https://geauxcolonels.com/sports/softball/stats/2024/charleston-southern/boxscore/9990,2/25/2024,Anthony Small
https://texaslonghorns.com/sports/softball/stats/2024/louisiana/boxscore/16104,2/25/2024,Robert M. Gonzalez
https://tarletonsports.com/sports/softball/stats/2024/south-dakota/boxscore/6554,2/25/2024,Michael Kindleburg
https://uiwcardinals.com/sports/softball/stats/2024/saint-josephs-university/boxscore/6710,2/25/2024,Monique McMurray
https://acusports.com/sports/softball/stats/2024/texas-am-university-commerce/boxscore/9259,2/25/2024,Charles Holbert
https://hcuhuskies.com/sports/softball/stats/2024/kansas-city/boxscore/5791,2/25/2024,Anthony Cottrell
https://lamarcardinals.com/sports/softball/stats/2024/niagara/boxscore/24182,2/25/2024,Leighton Hickman
https://ulmwarhawks.com/sports/softball/stats/2024/sam-houston/boxscore/15164,2/25/2024,Eddie Bourn
https://nmstatesports.com/sports/softball/stats/2024/arizona-state/boxscore/17520,2/25/2024,Dan Cowan
https://acusports.com/sports/softball/stats/2024/university-of-nebraska-at-omaha/boxscore/9254,2/25/2024,Greg Chargualaf
https://lamarcardinals.com/sports/softball/stats/2024/niagara/boxscore/24183,2/25/2024,Bryce Welsh
https://goislanders.com/sports/softball/stats/2024/georgetown/boxscore/7592,2/25/2024,Glen Juergens
https://ulmwarhawks.com/sports/softball/stats/2024/evansville/boxscore/15163,2/25/2024,Allen Lunceford
https://texaslonghorns.com/sports/softball/stats/2024/stanford/boxscore/16103,2/24/2024,Matt Johnson
https://hcuhuskies.com/sports/softball/stats/2024/prairie-view-am/boxscore/5790,2/24/2024,Kevin Petry
https://uiwcardinals.com/sports/softball/stats/2024/campbell-university/boxscore/6709,2/24/2024,Jamie Robinson
https://mcneesesports.com/sports/softball/stats/2024/niagara/boxscore/12599,2/24/2024,Wayne Furnia
https://lionsports.net/sports/softball/stats/2024/st-thomas/boxscore/8889,2/24/2024,Gwendolyn Boudreau
https://nsudemons.com/sports/softball/stats/2024/sam-houston/boxscore/13620,2/24/2024,Adrienne Barnes
https://geauxcolonels.com/sports/softball/stats/2024/no-11-florida-state/boxscore/9986,2/24/2024,David Erwin
https://goislanders.com/sports/softball/stats/2024/ut-martin/boxscore/7591,2/24/2024,Mike Barnett
https://ulmwarhawks.com/sports/softball/stats/2024/syracuse/boxscore/15161,2/24/2024,Eddie Bourn
https://nmstatesports.com/sports/softball/stats/2024/ohio-state/boxscore/17519,2/24/2024,Matt Jacks
https://tarletonsports.com/sports/softball/stats/2024/texas-am-commerce/boxscore/6551,2/24/2024,Kenneth Rice
https://ulmwarhawks.com/sports/softball/stats/2024/evansville/boxscore/15162,2/24/2024,Johnny Paz
https://msuspartans.com/sports/softball/stats/2024/duke/boxscore/17754,2/24/2024,Mario Calabrese
https://texaslonghorns.com/sports/softball/stats/2024/colorado-state/boxscore/16102,2/24/2024,Mike A. Hernandez
https://acusports.com/sports/softball/stats/2024/university-of-nebraska-at-omaha/boxscore/9253,2/24/2024,Kenneth Rice
https://nsudemons.com/sports/softball/stats/2024/syracuse/boxscore/13621,2/24/2024,Hayes Lesher
https://acusports.com/sports/softball/stats/2024/university-of-south-dakota/boxscore/9258,2/24/2024,Greg Chargualaf
https://uiwcardinals.com/sports/softball/stats/2024/winthrop-university/boxscore/6708,2/24/2024,Roberto Capuno
https://tarletonsports.com/sports/softball/stats/2024/nebraska-omaha/boxscore/6549,2/24/2024,Michael Kindleburg
https://nmstatesports.com/sports/softball/stats/2024/seton-hall/boxscore/17518,2/24/2024,Tracy Laylock
https://geauxcolonels.com/sports/softball/stats/2024/no-11-florida-state/boxscore/10163,2/24/2024,David Gilliam
https://goislanders.com/sports/softball/stats/2024/ohio-university/boxscore/7590,2/24/2024,Tommie Price
https://goislanders.com/sports/softball/stats/2024/valparaiso/boxscore/7588,2/23/2024,Mike Barnett
https://geauxcolonels.com/sports/softball/stats/2024/fiu/boxscore/9989,2/23/2024,David Erwin
https://lamarcardinals.com/sports/softball/stats/2024/niagara/boxscore/24180,2/23/2024,Wayne Furnia
https://mcneesesports.com/sports/softball/stats/2024/niagara/boxscore/12644,2/23/2024,Todd Sharpe
https://geauxcolonels.com/sports/softball/stats/2024/fiu/boxscore/9985,2/23/2024,David Gilliam
https://texaslonghorns.com/sports/softball/stats/2024/colorado-state/boxscore/16101,2/23/2024,Mindy Villa
https://lionsports.net/sports/softball/stats/2024/north-dakota-state/boxscore/8888,2/23/2024,Kalee Young
https://tarletonsports.com/sports/softball/stats/2024/south-dakota/boxscore/6547,2/23/2024,Greg Chargualaf
https://texaslonghorns.com/sports/softball/stats/2024/louisiana/boxscore/16100,2/23/2024,Matt Johnson
https://goislanders.com/sports/softball/stats/2024/ut-chattanooga/boxscore/7589,2/23/2024,Glen Juergens
https://nsudemons.com/sports/softball/stats/2024/sam-houston/boxscore/13619,2/23/2024,Johnny Paz
https://lionsports.net/sports/softball/stats/2024/st-thomas/boxscore/8887,2/23/2024,Keith Kearney
https://nmstatesports.com/sports/softball/stats/2024/grand-canyon/boxscore/17517,2/23/2024,Perry Owens
https://nsudemons.com/sports/softball/stats/2024/evansville/boxscore/13618,2/23/2024,Adrienne Barnes
https://tarletonsports.com/sports/softball/stats/2024/nebraska-omaha/boxscore/6546,2/23/2024,Kenneth Rice
https://ulmwarhawks.com/sports/softball/stats/2024/syracuse/boxscore/15160,2/23/2024,Hayes Lesher
https://uiwcardinals.com/sports/softball/stats/2024/campbell-university/boxscore/6707,2/23/2024,Jamie Robinson
https://lamarcardinals.com/sports/softball/stats/2024/north-dakota/boxscore/24181,2/23/2024,Daryl Francis
https://uiwcardinals.com/sports/softball/stats/2024/saint-josephs-university/boxscore/6706,2/23/2024,Roberto Capuno
https://mcneesesports.com/sports/softball/stats/2024/north-dakota/boxscore/12432,2/23/2024,Gerald Newton
https://nmstatesports.com/sports/softball/stats/2024/utah-valley/boxscore/17516,2/23/2024,Naomi Erdahl
https://hcuhuskies.com/sports/softball/stats/2024/north-dakota/boxscore/5818,2/22/2024,Katherine Paz
https://lionsports.net/sports/softball/stats/2024/utsa/boxscore/8886,2/22/2024,Dustin Douglass
https://nsudemons.com/sports/softball/stats/2024/ulm/boxscore/13617,2/22/2024,Clarence Bourn
https://texaslonghorns.com/sports/softball/stats/2024/houston-christian/boxscore/16099,2/21/2024,Jared J. Arrington
https://geauxcolonels.com/sports/softball/stats/2024/alcorn/boxscore/9988,2/21/2024,Daryl Francis
https://utepminers.com/sports/softball/stats/2024/arizona-state/boxscore/11519,2/21/2024,Calvin Walker
https://utepminers.com/sports/softball/stats/2024/arizona-state/boxscore/11518,2/21/2024,Mike Bartling
https://mcneesesports.com/sports/softball/stats/2024/boise-state/boxscore/12431,2/21/2024,Chad Derouen
https://geauxcolonels.com/sports/softball/stats/2024/alcorn/boxscore/9987,2/21/2024,Michael Thibodeaux
https://tsusports.com/sports/softball/stats/2024/lamar/boxscore/5112,2/20/2024,Johnny Paz
https://lionsports.net/sports/softball/stats/2024/south-alabama/boxscore/8685,2/20/2024,Todd Sharpe
https://lamarcardinals.com/sports/softball/stats/2024/texas-southern/boxscore/24178,2/20/2024,Jason Jones
https://lamarcardinals.com/sports/softball/stats/2024/texas-southern/boxscore/24179,2/20/2024,Johnny Paz
https://tsusports.com/sports/softball/stats/2024/lamar/boxscore/5111,2/20/2024,Jason Jones
https://nmstatesports.com/sports/softball/stats/2024/north-dakota/boxscore/17515,2/19/2024,Robert Shorts
https://ulmwarhawks.com/sports/softball/stats/2024/lindenwood/boxscore/15158,2/18/2024,Bryce Welsh
https://acusports.com/sports/softball/stats/2024/university-of-new-mexico/boxscore/9251,2/18/2024,Jason Kemper
https://geauxcolonels.com/sports/softball/stats/2024/umass/boxscore/9984,2/18/2024,Dustin Douglass
https://lamarcardinals.com/sports/softball/stats/2024/mcneese/boxscore/24177,2/18/2024,Hayes Lesher
https://mcneesesports.com/sports/softball/stats/2024/lamar/boxscore/12430,2/18/2024,Hayes Lesher
https://goislanders.com/sports/softball/stats/2024/stephen-f-austin/boxscore/7587,2/18/2024,Mario Tijerina
https://utepminers.com/sports/softball/stats/2024/north-dakota/boxscore/11514,2/18/2024,Michael Aguirre
https://nsudemons.com/sports/softball/stats/2024/houston/boxscore/13613,2/18/2024,Keith Kearney
https://nsudemons.com/sports/softball/stats/2024/houston/boxscore/13615,2/18/2024,Whitney Folven
https://mcneesesports.com/sports/softball/stats/2024/oklahoma/boxscore/12429,2/17/2024,Daryl Francis
https://goislanders.com/sports/softball/stats/2024/stephen-f-austin/boxscore/7585,2/17/2024,Annette Bergman
https://geauxcolonels.com/sports/softball/stats/2024/houston/boxscore/9980,2/17/2024,Perry Owens
https://nmstatesports.com/sports/softball/stats/2024/montana/boxscore/17513,2/17/2024,Stephen Poulsen
https://goislanders.com/sports/softball/stats/2024/stephen-f-austin/boxscore/7586,2/17/2024,Savino Jaramillo
https://hcuhuskies.com/sports/softball/stats/2024/marist/boxscore/5777,2/17/2024,Rocky Barnhill
https://lamarcardinals.com/sports/softball/stats/2024/central-arkansas/boxscore/24175,2/17/2024,Nikos Williams
https://mcneesesports.com/sports/softball/stats/2024/central-arkansas/boxscore/12428,2/17/2024,Hayes Lesher
https://nmstatesports.com/sports/softball/stats/2024/sacramento-state/boxscore/17514,2/17/2024,Anita Robinett
https://utepminers.com/sports/softball/stats/2024/purdue-fort-wayne/boxscore/11513,2/17/2024,Chad Gefroh
https://ulmwarhawks.com/sports/softball/stats/2024/louisiana-tech/boxscore/15156,2/17/2024,Chris Liles
https://acusports.com/sports/softball/stats/2024/marist-college/boxscore/9252,2/17/2024,Joshua Forburger
https://utepminers.com/sports/softball/stats/2024/north-dakota/boxscore/11512,2/17/2024,Brad Eberhardt
https://ulmwarhawks.com/sports/softball/stats/2024/lindenwood/boxscore/15157,2/17/2024,Adrienne Barnes
https://lamarcardinals.com/sports/softball/stats/2024/oklahoma/boxscore/24176,2/17/2024,Daryl Francis
https://nsudemons.com/sports/softball/stats/2024/umass/boxscore/13614,2/17/2024,Jerry Jones
https://hcuhuskies.com/sports/softball/stats/2024/new-mexico/boxscore/5778,2/17/2024,Jacob Woodson
https://nsudemons.com/sports/softball/stats/2024/utsa/boxscore/13616,2/17/2024,Dirk Sorensen
https://lamarcardinals.com/sports/softball/stats/2024/central-arkansas/boxscore/24174,2/16/2024,Nikos Williams
https://texaslonghorns.com/sports/softball/stats/2024/tennessee/boxscore/16094,2/16/2024,Smokey Edds
https://nmstatesports.com/sports/softball/stats/2024/nebraska/boxscore/17558,2/16/2024,Michael Montoya
https://utepminers.com/sports/softball/stats/2024/montana/boxscore/11510,2/16/2024,Brad Eberhardt
https://ulmwarhawks.com/sports/softball/stats/2024/louisiana-tech/boxscore/15155,2/16/2024,Bryce Welsh
https://nsudemons.com/sports/softball/stats/2024/utsa/boxscore/13612,2/16/2024,Dustin Douglass
https://utepminers.com/sports/softball/stats/2024/purdue-fort-wayne/boxscore/11511,2/16/2024,Michael Aguirre
https://nmstatesports.com/sports/softball/stats/2024/nebraska/boxscore/17512,2/16/2024,Anita Robinett
https://geauxcolonels.com/sports/softball/stats/2024/utsa/boxscore/9982,2/16/2024,Perry Owens
https://mcneesesports.com/sports/softball/stats/2024/oklahoma/boxscore/12427,2/16/2024,Todd Sharpe
https://hcuhuskies.com/sports/softball/stats/2024/marist/boxscore/5775,2/16/2024,Joshua Forburger
https://acusports.com/sports/softball/stats/2024/houston-christian-university/boxscore/9290,2/16/2024,Jay Grigsby
https://texaslonghorns.com/sports/softball/stats/2024/stanford/boxscore/16095,2/16/2024,Cameron Ellison
https://ulmwarhawks.com/sports/softball/stats/2024/lindenwood/boxscore/15154,2/16/2024,ADRIENNE BARNES
https://hcuhuskies.com/sports/softball/stats/2024/abilene-christian/boxscore/5776,2/16/2024,Jay Grigsby
https://acusports.com/sports/softball/stats/2024/university-of-new-mexico/boxscore/9250,2/16/2024,Jason Kemper
https://mcneesesports.com/sports/softball/stats/2024/baylor/boxscore/12426,2/15/2024,Michael Thibodeaux
https://geauxcolonels.com/sports/softball/stats/2024/houston/boxscore/9981,2/15/2024,Dirk Sorensen
https://ulmwarhawks.com/sports/softball/stats/2024/alcorn-state/boxscore/15153,2/14/2024,Theran Scott
https://lionsports.net/sports/softball/stats/2024/louisiana-tech/boxscore/8638,2/14/2024,David Wooley
https://utepminers.com/sports/softball/stats/2024/new-mexico/boxscore/11508,2/14/2024,Steve Gurule
https://utepminers.com/sports/softball/stats/2024/new-mexico/boxscore/11509,2/14/2024,Jermaine Oguin
https://ulmwarhawks.com/sports/softball/stats/2024/alcorn-state/boxscore/15152,2/14/2024,Jana Tidwell
https://goislanders.com/sports/softball/stats/2024/louisiana-tech/boxscore/7584,2/12/2024,Tony Dixon
https://lamarcardinals.com/sports/softball/stats/2024/tennessee-state/boxscore/24173,2/11/2024,Leighton Hickman
https://utepminers.com/sports/softball/stats/2024/abilene-christian/boxscore/11500,2/11/2024,Brent Hardin
https://tarletonsports.com/sports/softball/stats/2024/mcneese-state/boxscore/6536,2/11/2024,William Goleman
https://geauxcolonels.com/sports/softball/stats/2024/montana/boxscore/9979,2/11/2024,Kevin Petry
https://acusports.com/sports/softball/stats/2024/university-of-texas-at-el-paso/boxscore/9242,2/11/2024,Brent Hardin
https://tsusports.com/sports/softball/stats/2024/texas-am-university-commerce/boxscore/5077,2/11/2024,Corey Carter
https://texaslonghorns.com/sports/softball/stats/2024/lmu/boxscore/16093,2/11/2024,Dan Cowan
https://texaslonghorns.com/sports/softball/stats/2024/ucla/boxscore/16092,2/10/2024,Ron Burkhart
https://geauxcolonels.com/sports/softball/stats/2024/providence/boxscore/9977,2/10/2024,Jeffery Howard
https://tarletonsports.com/sports/softball/stats/2024/lamar/boxscore/6534,2/10/2024,Silverio Razo
https://texaslonghorns.com/sports/softball/stats/2024/san-diego/boxscore/16091,2/10/2024,Rob Penticoff
https://lamarcardinals.com/sports/softball/stats/2024/tarleton-state/boxscore/24171,2/10/2024,Silverio Razo
https://geauxcolonels.com/sports/softball/stats/2024/ut-arlington/boxscore/9978,2/10/2024,Eric May
https://utepminers.com/sports/softball/stats/2024/monmouth/boxscore/11499,2/10/2024,Blake Solmi
https://tarletonsports.com/sports/softball/stats/2024/mcneese-state/boxscore/6535,2/10/2024,Stanley Kerry
https://utepminers.com/sports/softball/stats/2024/western-michigan/boxscore/11498,2/10/2024,MATT JOHNSON
https://tsusports.com/sports/softball/stats/2024/stonehill-college/boxscore/5076,2/10/2024,Daniel Usrey
https://tsusports.com/sports/softball/stats/2024/massachusetts-lowell/boxscore/5108,2/10/2024,Corey Carter
https://mcneesesports.com/sports/softball/stats/2024/tennessee-state/boxscore/12423,2/10/2024,William Goleman
https://nsudemons.com/sports/softball/stats/2024/southern-illinois/boxscore/13608,2/10/2024,Theran Scott
https://mcneesesports.com/sports/softball/stats/2024/tarleton-state/boxscore/12422,2/10/2024,Stanley Kerry
https://lamarcardinals.com/sports/softball/stats/2024/tennessee-state/boxscore/24172,2/10/2024,Leighton Hickman
https://mcneesesports.com/sports/softball/stats/2024/new-mexico/boxscore/12421,2/9/2024,Silvero Razo
https://texaslonghorns.com/sports/softball/stats/2024/ucla/boxscore/16090,2/9/2024,Joh Baca
https://nmstatesports.com/sports/softball/stats/2024/monmouth/boxscore/17556,2/9/2024,John Schaefer
https://tsusports.com/sports/softball/stats/2024/massachusetts-lowell/boxscore/5107,2/9/2024,Corey Carter
https://utepminers.com/sports/softball/stats/2024/western-michigan/boxscore/11496,2/9/2024,Anthony Lewis
https://tarletonsports.com/sports/softball/stats/2024/lamar/boxscore/6532,2/9/2024,Stanley Kerry
https://utepminers.com/sports/softball/stats/2024/abilene-christian/boxscore/11497,2/9/2024,Brent Hardin
https://tsusports.com/sports/softball/stats/2024/stonehill-college/boxscore/5109,2/9/2024,Daniel Usrey
https://nmstatesports.com/sports/softball/stats/2024/monmouth/boxscore/17510,2/9/2024,John Schaefer
https://acusports.com/sports/softball/stats/2024/university-of-texas-at-el-paso/boxscore/9241,2/9/2024,Brent Hardin
https://geauxcolonels.com/sports/softball/stats/2024/north-dakota/boxscore/9976,2/9/2024,Ed Roberson
https://lamarcardinals.com/sports/softball/stats/2024/tarleton-state/boxscore/24170,2/9/2024,Stanley Kerry
https://texaslonghorns.com/sports/softball/stats/2024/san-diego/boxscore/16089,2/9/2024,Dan Cowen
https://nsudemons.com/sports/softball/stats/2024/creighton/boxscore/13607,2/9/2024,Theran Scott
https://geauxcolonels.com/sports/softball/stats/2024/green-bay/boxscore/9975,2/9/2024,Shev Pinchback
https://mcneesesports.com/sports/softball/stats/2024/cal/boxscore/12420,2/8/2024,Daryl Francis
https://geauxcolonels.com/sports/softball/stats/2024/no-15-lsu/boxscore/9974,2/8/2024,Matt Dial
https://nsudemons.com/sports/softball/stats/2024/texas-state/boxscore/13605,2/8/2024,Baldemar Guerra
https://nsudemons.com/sports/softball/stats/2024/utsa/boxscore/13606,2/8/2024,Rogers Matthew
